episode,mean_reward,mean_waiting_time,mean_co2,mean_fuel,training_iteration,episodes_this_iter,env_steps_this_iter
1,-13000.08641358915,26.01,103543.73515307272,33567.56321266695,1,1,512
2,-12926.2858176047,16.365,82034.90680723793,26594.66849111089,2,2,512
3,-12881.469522174277,23.416666666666668,93203.64270123244,30215.434506458347,3,2,512
4,-12910.048349050907,24.236666666666668,124559.00150311794,40380.42792039523,4,1,512
5,-12944.275851022307,34.145,149471.6506049039,48456.794622125715,5,2,512
6,-12992.260880977463,62.365,185022.5631142035,59981.95803275057,6,2,512
7,-13001.052712578,60.45666666666666,196720.20537517036,63774.17114121957,7,1,512
8,-12999.728507542906,36.24666666666667,147955.7655923355,47965.37038637809,8,2,512
9,-13015.290449411632,60.51166666666667,213544.8422786825,69228.49909063622,9,2,512
10,-13040.357659428397,91.45333333333333,287549.0708539932,93219.71061291164,10,2,512
11,-13055.317423016377,126.45666666666666,312423.566261542,101283.71634763545,11,1,512
62,0.0,0.0,0.0,0.0,62
12,-13075.400110972796,120.82166666666666,304358.15709067695,98669.01386758509,12,2,512
13,-13080.671928329342,89.685,320205.47802883596,103806.47567149214,13,2,512
14,-13091.628468480192,113.70666666666666,350551.65273451194,113644.31421590094,14,1,512
15,-13115.377333838427,125.76333333333334,349296.66842541104,113237.47053795929,15,2,512
16,-13128.421214109103,93.01166666666666,279218.5592872357,90519.07822002095,16,2,512
17,-13132.19555084377,48.461666666666666,184054.91935653167,59668.25468833797,17,2,512
18,-13132.633662173814,88.45333333333333,268432.57694742526,87022.40467924337,18,1,512
19,-13133.362279488649,74.71666666666667,282359.4513517322,91537.27741632404,19,2,512
20,-13143.168616666831,126.94833333333334,346189.8961720814,112230.29480078643,20,2,512
63,0.0,0.0,0.0,0.0,63
64,0.0,0.0,0.0,0.0,64
65,0.0,0.0,0.0,0.0,65
66,0.0,0.0,0.0,0.0,66
67,0.0,0.0,0.0,0.0,67
68,0.0,0.0,0.0,0.0,68
69,0.0,0.0,0.0,0.0,69
