vehicle_type,fuel_type,engine_category,fuel_efficiency_kmpl,co2_emission_gpkm
car,petrol,small_1000cc,16.2,146.4
car,petrol,mid_1200cc,15.5,153.0
car,petrol,large_1500cc,14.9,159.2
car,diesel,small_1300cc,17.4,136.3
car,diesel,mid_1500cc,16.8,141.2
car,diesel,large_1800cc,11.5,206.2
car,cng,mid,20.0,118.6
car,electric,na,999.0,0.0
2w,petrol,100cc,52.0,45.6
2w,petrol,125cc,50.0,47.4
2w,petrol,150cc,48.5,48.9
bus,diesel,standard,4.5,527.0
bus,cng,standard,5.0,474.3
truck,diesel,light,6.5,364.8
truck,diesel,heavy,3.5,677.5
suv,petrol,2000cc,12.5,189.7
suv,diesel,2000cc,14.0,169.4
auto_rickshaw,cng,standard,25.0,94.8
auto_rickshaw,petrol,standard,30.0,79.0